id;cedula;nombre;apellido;edad
1;instead insolence;while between alongside;amid;1703
2;off grim runny;iterate;save pine sheathe;17258
3;safely;hydrolyse;wilt yellowish;4572
4;mmm;quit courageously crest;cross tackle gee;26273
5;modulo label psst;excepting wherever reckless;consequently;3864
6;institute er;yearly;after;16963
7;recklessly;off since;under oof instead;12101
8;naturally;wealthy publication;lashes because validity;28278
9;festival;monster honored;likable bah till;21921
10;following um;although;flame crowded until;28012
11;old;against amongst valiantly;er peninsula towards;469
12;slake;save regularly;instead lumpy until;28854
13;underneath geez bourgeoisie;promptly noted if;role next;27476
14;underneath above;aw unhealthy;round;22367
15;separately;considering;equal veto;8662
16;vivid exempt gently;interestingly;exaggerate separately serenade;21993
17;reluctantly for;broadside ack spattering;fleck;7684
18;ethyl roasted unless;yet coordination gah;celebrate boring;18011
19;collaboration nab now;partially intensely;lest whether;3807
20;since crushing;midst potentially regularly;ack;17590
21;pneumonia exempt;psst;who yippee unbearably;1112
22;in bah folklore;before wearily how;premium;1380
23;deeply aboard;overwork crank hierarchy;outdo fooey;10063
24;other;simple behold accidentally;meanwhile tedious ring;18308
25;armchair;deeply supposing ack;lest tackle;19742
26;recklessly;concerned interestingly who;lightly whenever;2666
27;blossom;innocently;so;23753
28;mid as sans;scoff;if flint;31625
29;than;joyful beautifully;bony controvert;15550
30;dulcimer sore blah;modulo hourly once;always;20553
