id;codigo;nombre;descripcion;precio;fecha_creacion
1;apropos grouper;brace;safe;25952.98;2026-05-06
2;after forenenst from;even;sometimes;5878.28;2026-05-06
3;mostly;duh whoa supposing;gah waltz wrongly;16897.91;2026-05-06
4;aha offensively forenenst;bakeware pace lest;whoever oof wholly;18359.6;2026-05-06
5;wholly athwart;whenever ha furthermore;than;31582.96;2026-05-05
6;spew than amongst;given defiantly generously;at solution;5117.98;2026-05-06
7;brush;boohoo aha restructure;glow watery;28643.22;2026-05-06
8;upbeat aw concrete;uh-huh woot circa;who brr cultivated;26911.4;2026-05-06
9;curry;phew now;naturally sentimental;25496.25;2026-05-06
10;loudly reservation woot;scarcely;deep;7434.17;2026-05-06
11;if pish notwithstanding;shadowbox far ha;hmph judgementally or;8699.86;2026-05-06
12;to;formation;grade;32577.8;2026-05-06
13;circa reproach boo;ha inasmuch times;atomize fluffy greedily;14280.74;2026-05-06
14;yahoo usually;ouch camouflage warm;during;27090.82;2026-05-06
15;shameless;kiddingly fooey;rotten untrue;31270.46;2026-05-06
16;austere across;bank coaxingly;consequently;12837.27;2026-05-05
17;mid;what what;lest;5132;2026-05-06
18;filter furthermore;offset boo amongst;haversack so;30685.99;2026-05-05
19;regarding unsung whopping;what worthwhile boss;interior swelter reprimand;15183.06;2026-05-06
20;grounded;deeply swim striking;aha annually;7654.11;2026-05-05
21;yahoo;rigidly lively;angrily unless;24323.74;2026-05-06
22;trusty;early unless;via;9661.59;2026-05-05
23;first pace uh-huh;fake;till aside once;12573.23;2026-05-06
24;how considering subsidy;pleasure delectable;solace outnumber;12754.29;2026-05-05
25;whether license phew;whether ha to;sheepishly;10805.07;2026-05-06
26;cod while;provider consequently;than vibrant;10182.42;2026-05-06
27;experienced yet because;male yum violently;or;24582.75;2026-05-06
28;into round;weighty gee stealthily;premier;22234.76;2026-05-05
29;duh flickering;failing ick;cassava;32719.91;2026-05-06
30;tinted;folklore of;during lavish;24414.34;2026-05-06
